participant_id,csv_file_count
participant_001,24
participant_002,23
participant_003,22
participant_004,48
participant_005,63
participant_006,22
participant_007,24
participant_008,24
participant_009,24
participant_010,24
participant_011,5
participant_012,19
participant_013,7
participant_014,8
participant_015,21
participant_016,23
participant_017,24
participant_018,24
participant_019,5
participant_020,8
participant_021,31
participant_022,8
participant_023,32
participant_024,5
participant_025,8
participant_026,31
participant_027,48
participant_028,7
participant_029,8
participant_030,8
participant_031,6
participant_032,7
participant_033,8
participant_034,16
participant_035,24
participant_036,7
